{
  "overall_rmse": 0.07402404185545197,
  "overall_rmsle": 0.07402404185545197,
  "overall_mape": 0.052578049219127086,
  "fold_results": [
    {
      "fold": 1,
      "rmse": 0.07534712168776685,
      "mae": 0.05310836806893349,
      "rmsle": 0.07534712786797995,
      "mape": 0.05546757951378822,
      "r2": 0.9938897490501404,
      "best_val_loss": 0.020555291324853897
    },
    {
      "fold": 2,
      "rmse": 0.0726768770727322,
      "mae": 0.04614468663930893,
      "rmsle": 0.0726768770727322,
      "mape": 0.049688514322042465,
      "r2": 0.994299054145813,
      "best_val_loss": 0.020122846588492393
    }
  ],
  "config": {
    "epochs": 5,
    "batch_size": 256,
    "learning_rate": 0.002,
    "weight_decay": 0.0,
    "patience": 10,
    "lr_factor": 0.5,
    "lr_patience": 3,
    "min_lr": 1e-06,
    "n_folds": 2,
    "random_state": 42,
    "use_log_transform": true,
    "normalize_features": true
  }
}