{
  "name": "simple_nodropout_lr0.0005",
  "config": {
    "name": "simple_nodropout_lr0.0005",
    "architecture": "simple",
    "dropout": 0.0,
    "learning_rate": 0.0005,
    "batch_size": 256,
    "weight_decay": 0.0
  },
  "num_parameters": 4737,
  "overall_rmse": 0.07055711748498043,
  "overall_rmsle": 0.07055711748498043,
  "overall_mape": 0.047154052831330645,
  "fold_results": [
    {
      "fold": 1,
      "rmse": 0.07488334643631778,
      "mae": 0.04941326007246971,
      "rmsle": 0.07488334643631778,
      "mape": 0.0521412193775177,
      "r2": 0.9939647316932678,
      "best_val_loss": 0.020252585411071777
    },
    {
      "fold": 2,
      "rmse": 0.06594769196250348,
      "mae": 0.03957858681678772,
      "rmsle": 0.06594769196250348,
      "mape": 0.04216688498854637,
      "r2": 0.9953058958053589,
      "best_val_loss": 0.018626803532242775
    }
  ],
  "training_time": 24.73789381980896
}