{
  "name": "deep_dropout0.2_lr0.0005",
  "config": {
    "name": "deep_dropout0.2_lr0.0005",
    "architecture": "deep",
    "dropout": 0.2,
    "learning_rate": 0.0005,
    "batch_size": 256,
    "weight_decay": 0.0
  },
  "num_parameters": 84353,
  "overall_rmse": 0.12378098278102982,
  "overall_rmsle": 0.12378098278102982,
  "overall_mape": 0.09100150755521302,
  "fold_results": [
    {
      "fold": 1,
      "rmse": 0.13161212856080173,
      "mae": 0.08282844722270966,
      "rmsle": 0.13161212856080173,
      "mape": 0.09942396730184555,
      "r2": 0.9813568592071533,
      "best_val_loss": 0.032478801906108856
    },
    {
      "fold": 2,
      "rmse": 0.11541971560552654,
      "mae": 0.06819263100624084,
      "rmsle": 0.11541971560552654,
      "mape": 0.08257905393838882,
      "r2": 0.9856215119361877,
      "best_val_loss": 0.031813815236091614
    }
  ],
  "training_time": 28.144530296325684
}