{
  "overall_rmse": 0.08876143845162394,
  "overall_rmsle": 0.08876143845162394,
  "overall_mape": 0.06932728153028554,
  "fold_results": [
    {
      "fold": 1,
      "rmse": 0.08842112128365744,
      "mae": 0.06307283788919449,
      "rmsle": 0.08842112128365744,
      "mape": 0.06872063875198364,
      "r2": 0.9915853142738342,
      "best_val_loss": 0.01932527683675289
    },
    {
      "fold": 2,
      "rmse": 0.08910045818763344,
      "mae": 0.06815662235021591,
      "rmsle": 0.08910045818763344,
      "mape": 0.0699339210987091,
      "r2": 0.9914313554763794,
      "best_val_loss": 0.018496360629796982
    }
  ],
  "config": {
    "epochs": 5,
    "batch_size": 256,
    "learning_rate": 0.002,
    "weight_decay": 0.0,
    "patience": 10,
    "lr_factor": 0.5,
    "lr_patience": 3,
    "min_lr": 1e-06,
    "n_folds": 2,
    "random_state": 42,
    "use_log_transform": true,
    "normalize_features": true
  }
}